source,new_file,title,alt,city,category,service,width,height,size_kb
"ramos-cabinetry-construction-mesa-az-project-001.webp","/images/projects/seo/ramos-wet-bar-built-ins-tempe-east-valley-az-001.webp","Custom Wet Bar Cabinetry","Custom wet bar cabinetry and built in storage by Ramos Cabinetry and Construction in Tempe, AZ","Tempe, AZ","wet-bar-built-ins","custom-cabinets","1600","897","48"
"ramos-cabinetry-construction-mesa-az-project-002.webp","/images/projects/seo/ramos-wet-bar-built-ins-gilbert-east-valley-az-002.webp","Custom Wet Bar Cabinetry","Custom wet bar cabinetry and built in storage by Ramos Cabinetry and Construction in Gilbert, AZ","Gilbert, AZ","wet-bar-built-ins","custom-cabinets","1440","1440","123"
"ramos-cabinetry-construction-mesa-az-project-003.webp","/images/projects/seo/ramos-finish-carpentry-mesa-east-valley-az-003.webp","Wood Ceiling Finish Carpentry","Wood ceiling finish carpentry detail by Ramos Cabinetry and Construction in Mesa, AZ","Mesa, AZ","finish-carpentry","finish-carpentry","1280","1600","413"
"ramos-cabinetry-construction-mesa-az-project-004.webp","/images/projects/seo/ramos-kitchen-remodeling-chandler-east-valley-az-004.webp","Kitchen Cabinet Remodel","Kitchen cabinet remodel with custom storage by Ramos Cabinetry and Construction in Chandler, AZ","Chandler, AZ","kitchen-remodeling","kitchen-remodeling","720","960","59"
"ramos-cabinetry-construction-mesa-az-project-005.webp","/images/projects/seo/ramos-kitchen-remodeling-scottsdale-east-valley-az-005.webp","Kitchen Cabinet Remodel","Kitchen cabinet remodel with custom storage by Ramos Cabinetry and Construction in Scottsdale, AZ","Scottsdale, AZ","kitchen-remodeling","kitchen-remodeling","1600","1200","117"
"ramos-cabinetry-construction-mesa-az-project-006.webp","/images/projects/seo/ramos-kitchen-remodeling-phoenix-east-valley-az-006.webp","Kitchen Cabinet Remodel","Kitchen cabinet remodel with custom storage by Ramos Cabinetry and Construction in Phoenix, AZ","Phoenix, AZ","kitchen-remodeling","kitchen-remodeling","1200","1600","71"
"ramos-cabinetry-construction-mesa-az-project-007.webp","/images/projects/seo/ramos-custom-cabinets-tempe-east-valley-az-007.webp","Custom Cabinetry Detail","Custom cabinet detail by Ramos Cabinetry and Construction in Tempe, AZ","Tempe, AZ","custom-cabinets","custom-cabinets","1200","1600","62"
"ramos-cabinetry-construction-mesa-az-project-008.webp","/images/projects/seo/ramos-custom-cabinets-gilbert-east-valley-az-008.webp","Custom Cabinetry Detail","Custom cabinet detail by Ramos Cabinetry and Construction in Gilbert, AZ","Gilbert, AZ","custom-cabinets","custom-cabinets","1200","1600","327"
"ramos-cabinetry-construction-mesa-az-project-009.webp","/images/projects/seo/ramos-built-ins-mesa-east-valley-az-009.webp","Living Room Built In Cabinetry","Living room built in cabinetry and storage by Ramos Cabinetry and Construction in Mesa, AZ","Mesa, AZ","built-ins","finish-carpentry","1200","1600","112"
"ramos-cabinetry-construction-mesa-az-project-010.webp","/images/projects/seo/ramos-built-ins-chandler-east-valley-az-010.webp","Living Room Built In Cabinetry","Living room built in cabinetry and storage by Ramos Cabinetry and Construction in Chandler, AZ","Chandler, AZ","built-ins","finish-carpentry","1200","1600","85"
"ramos-cabinetry-construction-mesa-az-project-011.webp","/images/projects/seo/ramos-kitchen-remodeling-scottsdale-east-valley-az-011.webp","Custom Kitchen Remodeling Project","Custom kitchen remodeling project by Ramos Cabinetry and Construction in Scottsdale, AZ","Scottsdale, AZ","kitchen-remodeling","kitchen-remodeling","1200","1600","151"
"ramos-cabinetry-construction-mesa-az-project-012.webp","/images/projects/seo/ramos-kitchen-remodeling-phoenix-east-valley-az-012.webp","Custom Kitchen Remodeling Project","Custom kitchen remodeling project by Ramos Cabinetry and Construction in Phoenix, AZ","Phoenix, AZ","kitchen-remodeling","kitchen-remodeling","1200","1600","84"
"ramos-cabinetry-construction-mesa-az-project-013.webp","/images/projects/seo/ramos-kitchen-remodeling-tempe-east-valley-az-013.webp","Custom Kitchen Remodeling Project","Custom kitchen remodeling project by Ramos Cabinetry and Construction in Tempe, AZ","Tempe, AZ","kitchen-remodeling","kitchen-remodeling","1200","1600","127"
"ramos-cabinetry-construction-mesa-az-project-014.webp","/images/projects/seo/ramos-kitchen-remodeling-gilbert-east-valley-az-014.webp","Custom Kitchen Remodeling Project","Custom kitchen remodeling project by Ramos Cabinetry and Construction in Gilbert, AZ","Gilbert, AZ","kitchen-remodeling","kitchen-remodeling","1200","1600","73"
"ramos-cabinetry-construction-mesa-az-project-015.webp","/images/projects/seo/ramos-kitchen-remodeling-mesa-east-valley-az-015.webp","Custom Kitchen Remodeling Project","Custom kitchen remodeling project by Ramos Cabinetry and Construction in Mesa, AZ","Mesa, AZ","kitchen-remodeling","kitchen-remodeling","1200","1600","108"
"ramos-cabinetry-construction-mesa-az-project-016.webp","/images/projects/seo/ramos-kitchen-remodeling-chandler-east-valley-az-016.webp","Custom Kitchen Remodeling Project","Custom kitchen remodeling project by Ramos Cabinetry and Construction in Chandler, AZ","Chandler, AZ","kitchen-remodeling","kitchen-remodeling","1600","1200","98"
"ramos-cabinetry-construction-mesa-az-project-017.webp","/images/projects/seo/ramos-kitchen-remodeling-scottsdale-east-valley-az-017.webp","Custom Kitchen Remodeling Project","Custom kitchen remodeling project by Ramos Cabinetry and Construction in Scottsdale, AZ","Scottsdale, AZ","kitchen-remodeling","kitchen-remodeling","1200","1600","155"
"ramos-cabinetry-construction-mesa-az-project-018.webp","/images/projects/seo/ramos-kitchen-remodeling-phoenix-east-valley-az-018.webp","Custom Kitchen Remodeling Project","Custom kitchen remodeling project by Ramos Cabinetry and Construction in Phoenix, AZ","Phoenix, AZ","kitchen-remodeling","kitchen-remodeling","1200","1600","107"
"ramos-cabinetry-construction-mesa-az-project-019.webp","/images/projects/seo/ramos-kitchen-remodeling-tempe-east-valley-az-019.webp","Custom Kitchen Remodeling Project","Custom kitchen remodeling project by Ramos Cabinetry and Construction in Tempe, AZ","Tempe, AZ","kitchen-remodeling","kitchen-remodeling","1200","1600","158"
"ramos-cabinetry-construction-mesa-az-project-020.webp","/images/projects/seo/ramos-kitchen-remodeling-gilbert-east-valley-az-020.webp","Custom Kitchen Remodeling Project","Custom kitchen remodeling project by Ramos Cabinetry and Construction in Gilbert, AZ","Gilbert, AZ","kitchen-remodeling","kitchen-remodeling","1200","1600","100"
"ramos-cabinetry-construction-mesa-az-project-021.webp","/images/projects/seo/ramos-custom-cabinets-mesa-east-valley-az-021.webp","Tall Storage Cabinetry","Tall storage cabinetry with custom cabinet doors by Ramos Cabinetry and Construction in Mesa, AZ","Mesa, AZ","custom-cabinets","custom-cabinets","1200","1600","51"
"ramos-cabinetry-construction-mesa-az-project-022.webp","/images/projects/seo/ramos-custom-cabinets-chandler-east-valley-az-022.webp","Tall Storage Cabinetry","Tall storage cabinetry with custom cabinet doors by Ramos Cabinetry and Construction in Chandler, AZ","Chandler, AZ","custom-cabinets","custom-cabinets","1200","1600","91"
"ramos-cabinetry-construction-mesa-az-project-023.webp","/images/projects/seo/ramos-custom-cabinets-scottsdale-east-valley-az-023.webp","Tall Storage Cabinetry","Tall storage cabinetry with custom cabinet doors by Ramos Cabinetry and Construction in Scottsdale, AZ","Scottsdale, AZ","custom-cabinets","custom-cabinets","1200","1600","106"
"ramos-cabinetry-construction-mesa-az-project-024.webp","/images/projects/seo/ramos-kitchen-remodeling-phoenix-east-valley-az-024.webp","Kitchen Cabinet Installation","Kitchen cabinet installation and island work by Ramos Cabinetry and Construction in Phoenix, AZ","Phoenix, AZ","kitchen-remodeling","kitchen-remodeling","1200","1600","171"
"ramos-cabinetry-construction-mesa-az-project-025.webp","/images/projects/seo/ramos-kitchen-remodeling-tempe-east-valley-az-025.webp","Kitchen Cabinet Installation","Kitchen cabinet installation and island work by Ramos Cabinetry and Construction in Tempe, AZ","Tempe, AZ","kitchen-remodeling","kitchen-remodeling","1200","1600","103"
"ramos-cabinetry-construction-mesa-az-project-026.webp","/images/projects/seo/ramos-custom-cabinets-gilbert-east-valley-az-026.webp","White Cabinet Storage Wall","White custom cabinet storage wall by Ramos Cabinetry and Construction in Gilbert, AZ","Gilbert, AZ","custom-cabinets","custom-cabinets","1200","1600","87"
"ramos-cabinetry-construction-mesa-az-project-027.webp","/images/projects/seo/ramos-custom-cabinets-mesa-east-valley-az-027.webp","White Cabinet Storage Wall","White custom cabinet storage wall by Ramos Cabinetry and Construction in Mesa, AZ","Mesa, AZ","custom-cabinets","custom-cabinets","1200","1600","122"
"ramos-cabinetry-construction-mesa-az-project-028.webp","/images/projects/seo/ramos-kitchen-remodeling-chandler-east-valley-az-028.webp","Custom Kitchen Cabinet Build","Custom kitchen cabinet build and remodel by Ramos Cabinetry and Construction in Chandler, AZ","Chandler, AZ","kitchen-remodeling","kitchen-remodeling","1200","1600","118"
"ramos-cabinetry-construction-mesa-az-project-029.webp","/images/projects/seo/ramos-kitchen-remodeling-scottsdale-east-valley-az-029.webp","Custom Kitchen Cabinet Build","Custom kitchen cabinet build and remodel by Ramos Cabinetry and Construction in Scottsdale, AZ","Scottsdale, AZ","kitchen-remodeling","kitchen-remodeling","1200","1600","137"
"ramos-cabinetry-construction-mesa-az-project-030.webp","/images/projects/seo/ramos-kitchen-remodeling-phoenix-east-valley-az-030.webp","Custom Kitchen Cabinet Build","Custom kitchen cabinet build and remodel by Ramos Cabinetry and Construction in Phoenix, AZ","Phoenix, AZ","kitchen-remodeling","kitchen-remodeling","1200","1600","116"
"ramos-cabinetry-construction-mesa-az-project-031.webp","/images/projects/seo/ramos-kitchen-remodeling-tempe-east-valley-az-031.webp","Custom Kitchen Cabinet Build","Custom kitchen cabinet build and remodel by Ramos Cabinetry and Construction in Tempe, AZ","Tempe, AZ","kitchen-remodeling","kitchen-remodeling","1200","1600","216"
"ramos-cabinetry-construction-mesa-az-project-032.webp","/images/projects/seo/ramos-kitchen-remodeling-gilbert-east-valley-az-032.webp","Custom Kitchen Cabinet Build","Custom kitchen cabinet build and remodel by Ramos Cabinetry and Construction in Gilbert, AZ","Gilbert, AZ","kitchen-remodeling","kitchen-remodeling","1200","1600","165"
"ramos-cabinetry-construction-mesa-az-project-033.webp","/images/projects/seo/ramos-kitchen-remodeling-mesa-east-valley-az-033.webp","Custom Kitchen Cabinet Build","Custom kitchen cabinet build and remodel by Ramos Cabinetry and Construction in Mesa, AZ","Mesa, AZ","kitchen-remodeling","kitchen-remodeling","1200","1600","84"
"ramos-cabinetry-construction-mesa-az-project-034.webp","/images/projects/seo/ramos-kitchen-remodeling-chandler-east-valley-az-034.webp","Custom Kitchen Cabinet Build","Custom kitchen cabinet build and remodel by Ramos Cabinetry and Construction in Chandler, AZ","Chandler, AZ","kitchen-remodeling","kitchen-remodeling","1200","1600","131"
"ramos-cabinetry-construction-mesa-az-project-035.webp","/images/projects/seo/ramos-kitchen-remodeling-scottsdale-east-valley-az-035.webp","Custom Kitchen Cabinet Build","Custom kitchen cabinet build and remodel by Ramos Cabinetry and Construction in Scottsdale, AZ","Scottsdale, AZ","kitchen-remodeling","kitchen-remodeling","1200","1600","144"
"ramos-cabinetry-construction-mesa-az-project-036.webp","/images/projects/seo/ramos-kitchen-remodeling-phoenix-east-valley-az-036.webp","Custom Kitchen Cabinet Build","Custom kitchen cabinet build and remodel by Ramos Cabinetry and Construction in Phoenix, AZ","Phoenix, AZ","kitchen-remodeling","kitchen-remodeling","1200","1600","80"
"ramos-cabinetry-construction-mesa-az-project-037.webp","/images/projects/seo/ramos-kitchen-remodeling-tempe-east-valley-az-037.webp","Custom Kitchen Cabinet Build","Custom kitchen cabinet build and remodel by Ramos Cabinetry and Construction in Tempe, AZ","Tempe, AZ","kitchen-remodeling","kitchen-remodeling","1200","1600","89"
"ramos-cabinetry-construction-mesa-az-project-038.webp","/images/projects/seo/ramos-kitchen-remodeling-gilbert-east-valley-az-038.webp","Custom Kitchen Cabinet Build","Custom kitchen cabinet build and remodel by Ramos Cabinetry and Construction in Gilbert, AZ","Gilbert, AZ","kitchen-remodeling","kitchen-remodeling","1200","1600","98"
"ramos-cabinetry-construction-mesa-az-project-039.webp","/images/projects/seo/ramos-kitchen-remodeling-mesa-east-valley-az-039.webp","Custom Kitchen Cabinet Build","Custom kitchen cabinet build and remodel by Ramos Cabinetry and Construction in Mesa, AZ","Mesa, AZ","kitchen-remodeling","kitchen-remodeling","1200","1600","118"
"ramos-cabinetry-construction-mesa-az-project-040.webp","/images/projects/seo/ramos-kitchen-remodeling-chandler-east-valley-az-040.webp","Custom Kitchen Cabinet Build","Custom kitchen cabinet build and remodel by Ramos Cabinetry and Construction in Chandler, AZ","Chandler, AZ","kitchen-remodeling","kitchen-remodeling","1198","1600","103"
"ramos-cabinetry-construction-mesa-az-project-041.webp","/images/projects/seo/ramos-custom-cabinets-scottsdale-east-valley-az-041.webp","Bedroom Storage Cabinetry","Bedroom storage cabinetry by Ramos Cabinetry and Construction in Scottsdale, AZ","Scottsdale, AZ","custom-cabinets","custom-cabinets","1200","1600","114"
"ramos-cabinetry-construction-mesa-az-project-042.webp","/images/projects/seo/ramos-commercial-finish-carpentry-phoenix-east-valley-az-042.webp","Commercial Wood Feature Wall","Commercial wood feature wall and finish carpentry by Ramos Cabinetry and Construction in Phoenix, AZ","Phoenix, AZ","commercial-finish-carpentry","finish-carpentry","1200","1600","199"
"ramos-cabinetry-construction-mesa-az-project-043.webp","/images/projects/seo/ramos-built-ins-tempe-east-valley-az-043.webp","Built In Appliance Cabinetry","Built in appliance cabinetry and custom shelving by Ramos Cabinetry and Construction in Tempe, AZ","Tempe, AZ","built-ins","finish-carpentry","1200","1600","182"
"ramos-cabinetry-construction-mesa-az-project-044.webp","/images/projects/seo/ramos-built-ins-gilbert-east-valley-az-044.webp","Built In Appliance Cabinetry","Built in appliance cabinetry and custom shelving by Ramos Cabinetry and Construction in Gilbert, AZ","Gilbert, AZ","built-ins","finish-carpentry","1600","1200","74"
"ramos-cabinetry-construction-mesa-az-project-045.webp","/images/projects/seo/ramos-home-remodeling-mesa-east-valley-az-045.webp","Residential Remodeling Prep","Residential remodeling prep and cabinetry planning by Ramos Cabinetry and Construction in Mesa, AZ","Mesa, AZ","home-remodeling","home-remodeling","1600","1200","86"
"ramos-cabinetry-construction-mesa-az-project-046.webp","/images/projects/seo/ramos-home-remodeling-chandler-east-valley-az-046.webp","Residential Remodeling Prep","Residential remodeling prep and cabinetry planning by Ramos Cabinetry and Construction in Chandler, AZ","Chandler, AZ","home-remodeling","home-remodeling","1200","1600","103"
"ramos-cabinetry-construction-mesa-az-project-047.webp","/images/projects/seo/ramos-home-remodeling-scottsdale-east-valley-az-047.webp","Residential Remodeling Prep","Residential remodeling prep and cabinetry planning by Ramos Cabinetry and Construction in Scottsdale, AZ","Scottsdale, AZ","home-remodeling","home-remodeling","1200","1600","64"
"ramos-cabinetry-construction-mesa-az-project-048.webp","/images/projects/seo/ramos-built-ins-phoenix-east-valley-az-048.webp","Custom Built In Cabinetry","Custom built in cabinetry and storage by Ramos Cabinetry and Construction in Phoenix, AZ","Phoenix, AZ","built-ins","finish-carpentry","1200","1600","124"
"ramos-cabinetry-construction-mesa-az-project-049.webp","/images/projects/seo/ramos-built-ins-tempe-east-valley-az-049.webp","Custom Built In Cabinetry","Custom built in cabinetry and storage by Ramos Cabinetry and Construction in Tempe, AZ","Tempe, AZ","built-ins","finish-carpentry","1200","1600","284"
"ramos-cabinetry-construction-mesa-az-project-050.webp","/images/projects/seo/ramos-built-ins-gilbert-east-valley-az-050.webp","Custom Built In Cabinetry","Custom built in cabinetry and storage by Ramos Cabinetry and Construction in Gilbert, AZ","Gilbert, AZ","built-ins","finish-carpentry","1200","1600","60"
"ramos-cabinetry-construction-mesa-az-project-051.webp","/images/projects/seo/ramos-built-ins-mesa-east-valley-az-051.webp","Custom Built In Cabinetry","Custom built in cabinetry and storage by Ramos Cabinetry and Construction in Mesa, AZ","Mesa, AZ","built-ins","finish-carpentry","1200","1600","124"
"ramos-cabinetry-construction-mesa-az-project-052.webp","/images/projects/seo/ramos-built-ins-chandler-east-valley-az-052.webp","Custom Built In Cabinetry","Custom built in cabinetry and storage by Ramos Cabinetry and Construction in Chandler, AZ","Chandler, AZ","built-ins","finish-carpentry","1200","1600","152"
"ramos-cabinetry-construction-mesa-az-project-053.webp","/images/projects/seo/ramos-laundry-room-cabinets-scottsdale-east-valley-az-053.webp","Laundry Room Cabinetry","Laundry room cabinetry and storage by Ramos Cabinetry and Construction in Scottsdale, AZ","Scottsdale, AZ","laundry-room-cabinets","custom-cabinets","1200","1600","116"
"ramos-cabinetry-construction-mesa-az-project-054.webp","/images/projects/seo/ramos-laundry-room-cabinets-phoenix-east-valley-az-054.webp","Laundry Room Cabinetry","Laundry room cabinetry and storage by Ramos Cabinetry and Construction in Phoenix, AZ","Phoenix, AZ","laundry-room-cabinets","custom-cabinets","1200","1600","117"
"ramos-cabinetry-construction-mesa-az-project-055.webp","/images/projects/seo/ramos-cabinet-installation-tempe-east-valley-az-055.webp","Cabinet Installation Progress","Cabinet installation progress for a remodeling project by Ramos Cabinetry and Construction in Tempe, AZ","Tempe, AZ","cabinet-installation","cabinet-installation","1200","1600","87"
"ramos-cabinetry-construction-mesa-az-project-056.webp","/images/projects/seo/ramos-cabinet-installation-gilbert-east-valley-az-056.webp","Cabinet Installation Progress","Cabinet installation progress for a remodeling project by Ramos Cabinetry and Construction in Gilbert, AZ","Gilbert, AZ","cabinet-installation","cabinet-installation","1200","1600","92"
"ramos-cabinetry-construction-mesa-az-project-057.webp","/images/projects/seo/ramos-cabinet-installation-mesa-east-valley-az-057.webp","Cabinet Installation Progress","Cabinet installation progress for a remodeling project by Ramos Cabinetry and Construction in Mesa, AZ","Mesa, AZ","cabinet-installation","cabinet-installation","1200","1600","86"
"ramos-cabinetry-construction-mesa-az-project-058.webp","/images/projects/seo/ramos-cabinet-installation-chandler-east-valley-az-058.webp","Cabinet Installation Progress","Cabinet installation progress for a remodeling project by Ramos Cabinetry and Construction in Chandler, AZ","Chandler, AZ","cabinet-installation","cabinet-installation","1200","1600","102"
"ramos-cabinetry-construction-mesa-az-project-059.webp","/images/projects/seo/ramos-cabinet-installation-scottsdale-east-valley-az-059.webp","Cabinet Installation Progress","Cabinet installation progress for a remodeling project by Ramos Cabinetry and Construction in Scottsdale, AZ","Scottsdale, AZ","cabinet-installation","cabinet-installation","1200","1600","119"
"ramos-cabinetry-construction-mesa-az-project-060.webp","/images/projects/seo/ramos-cabinet-installation-phoenix-east-valley-az-060.webp","Cabinet Installation Progress","Cabinet installation progress for a remodeling project by Ramos Cabinetry and Construction in Phoenix, AZ","Phoenix, AZ","cabinet-installation","cabinet-installation","1600","1200","68"
"ramos-cabinetry-construction-mesa-az-project-061.webp","/images/projects/seo/ramos-home-remodeling-tempe-east-valley-az-061.webp","Interior Remodeling Progress","Interior remodeling progress and carpentry prep by Ramos Cabinetry and Construction in Tempe, AZ","Tempe, AZ","home-remodeling","home-remodeling","1200","1600","113"
"ramos-cabinetry-construction-mesa-az-project-062.webp","/images/projects/seo/ramos-home-remodeling-gilbert-east-valley-az-062.webp","Interior Remodeling Progress","Interior remodeling progress and carpentry prep by Ramos Cabinetry and Construction in Gilbert, AZ","Gilbert, AZ","home-remodeling","home-remodeling","1200","1600","85"
"ramos-cabinetry-construction-mesa-az-project-063.webp","/images/projects/seo/ramos-home-remodeling-mesa-east-valley-az-063.webp","Interior Remodeling Progress","Interior remodeling progress and carpentry prep by Ramos Cabinetry and Construction in Mesa, AZ","Mesa, AZ","home-remodeling","home-remodeling","1200","1600","78"
"ramos-cabinetry-construction-mesa-az-project-064.webp","/images/projects/seo/ramos-home-remodeling-chandler-east-valley-az-064.webp","Interior Remodeling Progress","Interior remodeling progress and carpentry prep by Ramos Cabinetry and Construction in Chandler, AZ","Chandler, AZ","home-remodeling","home-remodeling","1200","1600","103"
"ramos-cabinetry-construction-mesa-az-project-065.webp","/images/projects/seo/ramos-home-remodeling-scottsdale-east-valley-az-065.webp","Interior Remodeling Progress","Interior remodeling progress and carpentry prep by Ramos Cabinetry and Construction in Scottsdale, AZ","Scottsdale, AZ","home-remodeling","home-remodeling","1200","1600","104"
"ramos-cabinetry-construction-mesa-az-project-066.webp","/images/projects/seo/ramos-home-remodeling-phoenix-east-valley-az-066.webp","Interior Remodeling Progress","Interior remodeling progress and carpentry prep by Ramos Cabinetry and Construction in Phoenix, AZ","Phoenix, AZ","home-remodeling","home-remodeling","1200","1600","113"
"ramos-cabinetry-construction-mesa-az-project-067.webp","/images/projects/seo/ramos-wood-countertops-tempe-east-valley-az-067.webp","Custom Wood Countertop Detail","Custom wood countertop detail by Ramos Cabinetry and Construction in Tempe, AZ","Tempe, AZ","wood-countertops","custom-cabinets","720","1280","181"
"ramos-cabinetry-construction-mesa-az-project-068.webp","/images/projects/seo/ramos-wood-countertops-gilbert-east-valley-az-068.webp","Custom Wood Countertop Detail","Custom wood countertop detail by Ramos Cabinetry and Construction in Gilbert, AZ","Gilbert, AZ","wood-countertops","custom-cabinets","1600","1200","302"
"ramos-cabinetry-construction-mesa-az-project-069.webp","/images/projects/seo/ramos-mudroom-built-ins-mesa-east-valley-az-069.webp","Mudroom Built In Storage","Mudroom built in storage cabinetry by Ramos Cabinetry and Construction in Mesa, AZ","Mesa, AZ","mudroom-built-ins","finish-carpentry","1200","1600","55"
"ramos-cabinetry-construction-mesa-az-project-070.webp","/images/projects/seo/ramos-mudroom-built-ins-chandler-east-valley-az-070.webp","Mudroom Built In Storage","Mudroom built in storage cabinetry by Ramos Cabinetry and Construction in Chandler, AZ","Chandler, AZ","mudroom-built-ins","finish-carpentry","1200","1600","139"
"ramos-cabinetry-construction-mesa-az-project-071.webp","/images/projects/seo/ramos-cabinet-installation-scottsdale-east-valley-az-071.webp","Kitchen Cabinet Installation","Kitchen cabinet installation in progress by Ramos Cabinetry and Construction in Scottsdale, AZ","Scottsdale, AZ","cabinet-installation","cabinet-installation","1200","1600","100"
"ramos-cabinetry-construction-mesa-az-project-072.webp","/images/projects/seo/ramos-cabinet-installation-phoenix-east-valley-az-072.webp","Kitchen Cabinet Installation","Kitchen cabinet installation in progress by Ramos Cabinetry and Construction in Phoenix, AZ","Phoenix, AZ","cabinet-installation","cabinet-installation","1200","1600","44"
"ramos-cabinetry-construction-mesa-az-project-073.webp","/images/projects/seo/ramos-cabinet-installation-tempe-east-valley-az-073.webp","Kitchen Cabinet Installation","Kitchen cabinet installation in progress by Ramos Cabinetry and Construction in Tempe, AZ","Tempe, AZ","cabinet-installation","cabinet-installation","1200","1600","68"
"ramos-cabinetry-construction-mesa-az-project-074.webp","/images/projects/seo/ramos-cabinet-installation-gilbert-east-valley-az-074.webp","Kitchen Cabinet Installation","Kitchen cabinet installation in progress by Ramos Cabinetry and Construction in Gilbert, AZ","Gilbert, AZ","cabinet-installation","cabinet-installation","1200","1600","153"
"ramos-cabinetry-construction-mesa-az-project-075.webp","/images/projects/seo/ramos-cabinet-installation-mesa-east-valley-az-075.webp","Kitchen Cabinet Installation","Kitchen cabinet installation in progress by Ramos Cabinetry and Construction in Mesa, AZ","Mesa, AZ","cabinet-installation","cabinet-installation","1200","1600","105"
"ramos-cabinetry-construction-mesa-az-project-076.webp","/images/projects/seo/ramos-kitchen-remodeling-chandler-east-valley-az-076.webp","Custom Kitchen Remodel","Custom kitchen remodel with cabinet installation by Ramos Cabinetry and Construction in Chandler, AZ","Chandler, AZ","kitchen-remodeling","kitchen-remodeling","1200","1600","143"
"ramos-cabinetry-construction-mesa-az-project-077.webp","/images/projects/seo/ramos-kitchen-remodeling-scottsdale-east-valley-az-077.webp","Custom Kitchen Remodel","Custom kitchen remodel with cabinet installation by Ramos Cabinetry and Construction in Scottsdale, AZ","Scottsdale, AZ","kitchen-remodeling","kitchen-remodeling","1200","1600","177"
"ramos-cabinetry-construction-mesa-az-project-078.webp","/images/projects/seo/ramos-kitchen-remodeling-phoenix-east-valley-az-078.webp","Custom Kitchen Remodel","Custom kitchen remodel with cabinet installation by Ramos Cabinetry and Construction in Phoenix, AZ","Phoenix, AZ","kitchen-remodeling","kitchen-remodeling","1200","1600","80"
"ramos-cabinetry-construction-mesa-az-project-079.webp","/images/projects/seo/ramos-kitchen-remodeling-tempe-east-valley-az-079.webp","Custom Kitchen Remodel","Custom kitchen remodel with cabinet installation by Ramos Cabinetry and Construction in Tempe, AZ","Tempe, AZ","kitchen-remodeling","kitchen-remodeling","1200","1600","124"
"ramos-cabinetry-construction-mesa-az-project-080.webp","/images/projects/seo/ramos-kitchen-remodeling-gilbert-east-valley-az-080.webp","Custom Kitchen Remodel","Custom kitchen remodel with cabinet installation by Ramos Cabinetry and Construction in Gilbert, AZ","Gilbert, AZ","kitchen-remodeling","kitchen-remodeling","1200","1600","218"
"ramos-cabinetry-construction-mesa-az-project-081.webp","/images/projects/seo/ramos-kitchen-remodeling-mesa-east-valley-az-081.webp","Custom Kitchen Remodel","Custom kitchen remodel with cabinet installation by Ramos Cabinetry and Construction in Mesa, AZ","Mesa, AZ","kitchen-remodeling","kitchen-remodeling","1200","1600","143"
"ramos-cabinetry-construction-mesa-az-project-082.webp","/images/projects/seo/ramos-kitchen-remodeling-chandler-east-valley-az-082.webp","Custom Kitchen Remodel","Custom kitchen remodel with cabinet installation by Ramos Cabinetry and Construction in Chandler, AZ","Chandler, AZ","kitchen-remodeling","kitchen-remodeling","1200","1600","110"
"ramos-cabinetry-construction-mesa-az-project-083.webp","/images/projects/seo/ramos-kitchen-remodeling-scottsdale-east-valley-az-083.webp","Custom Kitchen Remodel","Custom kitchen remodel with cabinet installation by Ramos Cabinetry and Construction in Scottsdale, AZ","Scottsdale, AZ","kitchen-remodeling","kitchen-remodeling","1200","1600","384"
"ramos-cabinetry-construction-mesa-az-project-084.webp","/images/projects/seo/ramos-kitchen-remodeling-phoenix-east-valley-az-084.webp","Custom Kitchen Remodel","Custom kitchen remodel with cabinet installation by Ramos Cabinetry and Construction in Phoenix, AZ","Phoenix, AZ","kitchen-remodeling","kitchen-remodeling","1200","1600","84"
"ramos-cabinetry-construction-mesa-az-project-085.webp","/images/projects/seo/ramos-kitchen-remodeling-tempe-east-valley-az-085.webp","Custom Kitchen Remodel","Custom kitchen remodel with cabinet installation by Ramos Cabinetry and Construction in Tempe, AZ","Tempe, AZ","kitchen-remodeling","kitchen-remodeling","1200","1600","126"
"ramos-cabinetry-construction-mesa-az-project-086.webp","/images/projects/seo/ramos-kitchen-remodeling-gilbert-east-valley-az-086.webp","Custom Kitchen Remodel","Custom kitchen remodel with cabinet installation by Ramos Cabinetry and Construction in Gilbert, AZ","Gilbert, AZ","kitchen-remodeling","kitchen-remodeling","1200","1600","256"
"ramos-cabinetry-construction-mesa-az-project-087.webp","/images/projects/seo/ramos-kitchen-remodeling-mesa-east-valley-az-087.webp","Custom Kitchen Remodel","Custom kitchen remodel with cabinet installation by Ramos Cabinetry and Construction in Mesa, AZ","Mesa, AZ","kitchen-remodeling","kitchen-remodeling","1600","1200","119"
"ramos-cabinetry-construction-mesa-az-project-088.webp","/images/projects/seo/ramos-kitchen-remodeling-chandler-east-valley-az-088.webp","Custom Kitchen Remodel","Custom kitchen remodel with cabinet installation by Ramos Cabinetry and Construction in Chandler, AZ","Chandler, AZ","kitchen-remodeling","kitchen-remodeling","1200","1600","104"
"ramos-cabinetry-construction-mesa-az-project-089.webp","/images/projects/seo/ramos-kitchen-remodeling-scottsdale-east-valley-az-089.webp","Custom Kitchen Remodel","Custom kitchen remodel with cabinet installation by Ramos Cabinetry and Construction in Scottsdale, AZ","Scottsdale, AZ","kitchen-remodeling","kitchen-remodeling","1600","1200","131"
"ramos-cabinetry-construction-mesa-az-project-090.webp","/images/projects/seo/ramos-kitchen-remodeling-phoenix-east-valley-az-090.webp","Custom Kitchen Remodel","Custom kitchen remodel with cabinet installation by Ramos Cabinetry and Construction in Phoenix, AZ","Phoenix, AZ","kitchen-remodeling","kitchen-remodeling","1200","1600","80"
"ramos-cabinetry-construction-mesa-az-project-091.webp","/images/projects/seo/ramos-materials-process-tempe-east-valley-az-091.webp","Custom Cabinet Shop Detail","Custom cabinet shop detail and finish material by Ramos Cabinetry and Construction in Tempe, AZ","Tempe, AZ","materials-process","custom-cabinets","1200","1600","186"
"ramos-cabinetry-construction-mesa-az-project-092.webp","/images/projects/seo/ramos-materials-process-gilbert-east-valley-az-092.webp","Custom Cabinet Shop Detail","Custom cabinet shop detail and finish material by Ramos Cabinetry and Construction in Gilbert, AZ","Gilbert, AZ","materials-process","custom-cabinets","1200","1600","125"
"ramos-cabinetry-construction-mesa-az-project-093.webp","/images/projects/seo/ramos-materials-process-mesa-east-valley-az-093.webp","Custom Cabinet Shop Detail","Custom cabinet shop detail and finish material by Ramos Cabinetry and Construction in Mesa, AZ","Mesa, AZ","materials-process","custom-cabinets","1200","1600","186"
"ramos-cabinetry-construction-mesa-az-project-094.webp","/images/projects/seo/ramos-materials-process-chandler-east-valley-az-094.webp","Custom Cabinet Shop Detail","Custom cabinet shop detail and finish material by Ramos Cabinetry and Construction in Chandler, AZ","Chandler, AZ","materials-process","custom-cabinets","1200","1600","97"
"ramos-cabinetry-construction-mesa-az-project-095.webp","/images/projects/seo/ramos-materials-process-scottsdale-east-valley-az-095.webp","Custom Cabinet Shop Detail","Custom cabinet shop detail and finish material by Ramos Cabinetry and Construction in Scottsdale, AZ","Scottsdale, AZ","materials-process","custom-cabinets","1080","1351","85"
"ramos-cabinetry-construction-mesa-az-project-096.webp","/images/projects/seo/ramos-materials-process-phoenix-east-valley-az-096.webp","Custom Cabinet Shop Detail","Custom cabinet shop detail and finish material by Ramos Cabinetry and Construction in Phoenix, AZ","Phoenix, AZ","materials-process","custom-cabinets","1200","1600","60"
"ramos-cabinetry-construction-mesa-az-project-097.webp","/images/projects/seo/ramos-materials-process-tempe-east-valley-az-097.webp","Custom Cabinet Shop Detail","Custom cabinet shop detail and finish material by Ramos Cabinetry and Construction in Tempe, AZ","Tempe, AZ","materials-process","custom-cabinets","1200","1600","62"
"ramos-cabinetry-construction-mesa-az-project-098.webp","/images/projects/seo/ramos-bathroom-remodeling-gilbert-east-valley-az-098.webp","Custom Bathroom Vanity","Custom bathroom vanity and cabinet installation by Ramos Cabinetry and Construction in Gilbert, AZ","Gilbert, AZ","bathroom-remodeling","bathroom-remodeling","1200","1600","104"
"ramos-cabinetry-construction-mesa-az-project-099.webp","/images/projects/seo/ramos-bathroom-remodeling-mesa-east-valley-az-099.webp","Custom Bathroom Vanity","Custom bathroom vanity and cabinet installation by Ramos Cabinetry and Construction in Mesa, AZ","Mesa, AZ","bathroom-remodeling","bathroom-remodeling","1200","1600","96"
"ramos-cabinetry-construction-mesa-az-project-100.webp","/images/projects/seo/ramos-bathroom-remodeling-chandler-east-valley-az-100.webp","Custom Bathroom Vanity","Custom bathroom vanity and cabinet installation by Ramos Cabinetry and Construction in Chandler, AZ","Chandler, AZ","bathroom-remodeling","bathroom-remodeling","1200","1600","124"
"ramos-cabinetry-construction-mesa-az-project-101.webp","/images/projects/seo/ramos-commercial-finish-carpentry-scottsdale-east-valley-az-101.webp","Commercial Wood Wall Feature","Commercial wood wall feature and finish carpentry by Ramos Cabinetry and Construction in Scottsdale, AZ","Scottsdale, AZ","commercial-finish-carpentry","finish-carpentry","1600","1200","192"
"ramos-cabinetry-construction-mesa-az-project-102.webp","/images/projects/seo/ramos-mudroom-built-ins-phoenix-east-valley-az-102.webp","Mudroom Bench and Storage","Mudroom bench and storage cabinetry by Ramos Cabinetry and Construction in Phoenix, AZ","Phoenix, AZ","mudroom-built-ins","finish-carpentry","1200","1600","57"
"ramos-cabinetry-construction-mesa-az-project-103.webp","/images/projects/seo/ramos-mudroom-built-ins-tempe-east-valley-az-103.webp","Mudroom Bench and Storage","Mudroom bench and storage cabinetry by Ramos Cabinetry and Construction in Tempe, AZ","Tempe, AZ","mudroom-built-ins","finish-carpentry","1200","1600","29"
"ramos-cabinetry-construction-mesa-az-project-104.webp","/images/projects/seo/ramos-mudroom-built-ins-gilbert-east-valley-az-104.webp","Mudroom Bench and Storage","Mudroom bench and storage cabinetry by Ramos Cabinetry and Construction in Gilbert, AZ","Gilbert, AZ","mudroom-built-ins","finish-carpentry","1200","1600","49"
"ramos-cabinetry-construction-mesa-az-project-105.webp","/images/projects/seo/ramos-mudroom-built-ins-mesa-east-valley-az-105.webp","Mudroom Bench and Storage","Mudroom bench and storage cabinetry by Ramos Cabinetry and Construction in Mesa, AZ","Mesa, AZ","mudroom-built-ins","finish-carpentry","1200","1600","31"
"ramos-cabinetry-construction-mesa-az-project-106.webp","/images/projects/seo/ramos-mudroom-built-ins-chandler-east-valley-az-106.webp","Mudroom Bench and Storage","Mudroom bench and storage cabinetry by Ramos Cabinetry and Construction in Chandler, AZ","Chandler, AZ","mudroom-built-ins","finish-carpentry","1200","1600","133"
"ramos-cabinetry-construction-mesa-az-project-107.webp","/images/projects/seo/ramos-wet-bar-built-ins-scottsdale-east-valley-az-107.webp","Custom Wet Bar Built In","Custom wet bar built in cabinetry by Ramos Cabinetry and Construction in Scottsdale, AZ","Scottsdale, AZ","wet-bar-built-ins","custom-cabinets","1200","1600","129"
"ramos-cabinetry-construction-mesa-az-project-108.webp","/images/projects/seo/ramos-wet-bar-built-ins-phoenix-east-valley-az-108.webp","Custom Wet Bar Built In","Custom wet bar built in cabinetry by Ramos Cabinetry and Construction in Phoenix, AZ","Phoenix, AZ","wet-bar-built-ins","custom-cabinets","1200","1600","115"
"ramos-cabinetry-construction-mesa-az-project-109.webp","/images/projects/seo/ramos-wet-bar-built-ins-tempe-east-valley-az-109.webp","Custom Wet Bar Built In","Custom wet bar built in cabinetry by Ramos Cabinetry and Construction in Tempe, AZ","Tempe, AZ","wet-bar-built-ins","custom-cabinets","1200","1600","77"
"ramos-cabinetry-construction-mesa-az-project-110.webp","/images/projects/seo/ramos-wet-bar-built-ins-gilbert-east-valley-az-110.webp","Custom Wet Bar Built In","Custom wet bar built in cabinetry by Ramos Cabinetry and Construction in Gilbert, AZ","Gilbert, AZ","wet-bar-built-ins","custom-cabinets","1200","1600","80"
"ramos-cabinetry-construction-mesa-az-project-111.webp","/images/projects/seo/ramos-wet-bar-built-ins-mesa-east-valley-az-111.webp","Custom Wet Bar Built In","Custom wet bar built in cabinetry by Ramos Cabinetry and Construction in Mesa, AZ","Mesa, AZ","wet-bar-built-ins","custom-cabinets","1200","1600","153"
"ramos-cabinetry-construction-mesa-az-project-112.webp","/images/projects/seo/ramos-wet-bar-built-ins-chandler-east-valley-az-112.webp","Custom Wet Bar Built In","Custom wet bar built in cabinetry by Ramos Cabinetry and Construction in Chandler, AZ","Chandler, AZ","wet-bar-built-ins","custom-cabinets","1200","1600","99"
"ramos-cabinetry-construction-mesa-az-project-113.webp","/images/projects/seo/ramos-wet-bar-built-ins-scottsdale-east-valley-az-113.webp","Custom Wet Bar Built In","Custom wet bar built in cabinetry by Ramos Cabinetry and Construction in Scottsdale, AZ","Scottsdale, AZ","wet-bar-built-ins","custom-cabinets","1200","1600","158"
"ramos-cabinetry-construction-mesa-az-project-114.webp","/images/projects/seo/ramos-wet-bar-built-ins-phoenix-east-valley-az-114.webp","Custom Wet Bar Built In","Custom wet bar built in cabinetry by Ramos Cabinetry and Construction in Phoenix, AZ","Phoenix, AZ","wet-bar-built-ins","custom-cabinets","1600","1200","79"
"ramos-cabinetry-construction-mesa-az-project-115.webp","/images/projects/seo/ramos-laundry-room-cabinets-tempe-east-valley-az-115.webp","Laundry Room Cabinet Storage","Laundry room cabinet storage and utility room cabinetry by Ramos Cabinetry and Construction in Tempe, AZ","Tempe, AZ","laundry-room-cabinets","custom-cabinets","1200","1600","55"
"ramos-cabinetry-construction-mesa-az-project-116.webp","/images/projects/seo/ramos-laundry-room-cabinets-gilbert-east-valley-az-116.webp","Laundry Room Cabinet Storage","Laundry room cabinet storage and utility room cabinetry by Ramos Cabinetry and Construction in Gilbert, AZ","Gilbert, AZ","laundry-room-cabinets","custom-cabinets","1200","1600","62"
"ramos-cabinetry-construction-mesa-az-project-117.webp","/images/projects/seo/ramos-laundry-room-cabinets-mesa-east-valley-az-117.webp","Laundry Room Cabinet Storage","Laundry room cabinet storage and utility room cabinetry by Ramos Cabinetry and Construction in Mesa, AZ","Mesa, AZ","laundry-room-cabinets","custom-cabinets","1200","1600","66"
"ramos-cabinetry-construction-mesa-az-project-118.webp","/images/projects/seo/ramos-laundry-room-cabinets-chandler-east-valley-az-118.webp","Laundry Room Cabinet Storage","Laundry room cabinet storage and utility room cabinetry by Ramos Cabinetry and Construction in Chandler, AZ","Chandler, AZ","laundry-room-cabinets","custom-cabinets","1600","1600","136"
"ramos-cabinetry-construction-mesa-az-project-119.webp","/images/projects/seo/ramos-laundry-room-cabinets-scottsdale-east-valley-az-119.webp","Laundry Room Cabinet Storage","Laundry room cabinet storage and utility room cabinetry by Ramos Cabinetry and Construction in Scottsdale, AZ","Scottsdale, AZ","laundry-room-cabinets","custom-cabinets","1600","1600","63"
"ramos-cabinetry-construction-mesa-az-project-120.webp","/images/projects/seo/ramos-laundry-room-cabinets-phoenix-east-valley-az-120.webp","Laundry Room Cabinet Storage","Laundry room cabinet storage and utility room cabinetry by Ramos Cabinetry and Construction in Phoenix, AZ","Phoenix, AZ","laundry-room-cabinets","custom-cabinets","1600","1600","70"
"ramos-cabinetry-construction-mesa-az-project-121.webp","/images/projects/seo/ramos-laundry-room-cabinets-tempe-east-valley-az-121.webp","Laundry Room Cabinet Storage","Laundry room cabinet storage and utility room cabinetry by Ramos Cabinetry and Construction in Tempe, AZ","Tempe, AZ","laundry-room-cabinets","custom-cabinets","1600","1600","138"
"ramos-cabinetry-construction-mesa-az-project-122.webp","/images/projects/seo/ramos-laundry-room-cabinets-gilbert-east-valley-az-122.webp","Laundry Room Cabinet Storage","Laundry room cabinet storage and utility room cabinetry by Ramos Cabinetry and Construction in Gilbert, AZ","Gilbert, AZ","laundry-room-cabinets","custom-cabinets","1600","1200","148"
"ramos-cabinetry-construction-mesa-az-project-123.webp","/images/projects/seo/ramos-laundry-room-cabinets-mesa-east-valley-az-123.webp","Laundry Room Cabinet Storage","Laundry room cabinet storage and utility room cabinetry by Ramos Cabinetry and Construction in Mesa, AZ","Mesa, AZ","laundry-room-cabinets","custom-cabinets","1200","1600","85"
"ramos-cabinetry-construction-mesa-az-project-124.webp","/images/projects/seo/ramos-kitchen-remodeling-chandler-east-valley-az-124.webp","Kitchen Island Cabinet Detail","Kitchen island cabinet detail by Ramos Cabinetry and Construction in Chandler, AZ","Chandler, AZ","kitchen-remodeling","kitchen-remodeling","1200","1600","97"
"ramos-cabinetry-construction-mesa-az-project-125.webp","/images/projects/seo/ramos-kitchen-remodeling-scottsdale-east-valley-az-125.webp","Kitchen Island Cabinet Detail","Kitchen island cabinet detail by Ramos Cabinetry and Construction in Scottsdale, AZ","Scottsdale, AZ","kitchen-remodeling","kitchen-remodeling","1200","1600","112"
"ramos-cabinetry-construction-mesa-az-project-126.webp","/images/projects/seo/ramos-kitchen-remodeling-phoenix-east-valley-az-126.webp","Kitchen Island Cabinet Detail","Kitchen island cabinet detail by Ramos Cabinetry and Construction in Phoenix, AZ","Phoenix, AZ","kitchen-remodeling","kitchen-remodeling","1200","1600","109"
"ramos-cabinetry-construction-mesa-az-project-127.webp","/images/projects/seo/ramos-wet-bar-built-ins-tempe-east-valley-az-127.webp","Custom Bar Cabinet Detail","Custom bar cabinet detail and wood finish by Ramos Cabinetry and Construction in Tempe, AZ","Tempe, AZ","wet-bar-built-ins","custom-cabinets","1200","1600","131"
"ramos-cabinetry-construction-mesa-az-project-128.webp","/images/projects/seo/ramos-wet-bar-built-ins-gilbert-east-valley-az-128.webp","Custom Bar Cabinet Detail","Custom bar cabinet detail and wood finish by Ramos Cabinetry and Construction in Gilbert, AZ","Gilbert, AZ","wet-bar-built-ins","custom-cabinets","1200","1600","104"
"ramos-cabinetry-construction-mesa-az-project-129.webp","/images/projects/seo/ramos-wet-bar-built-ins-mesa-east-valley-az-129.webp","Custom Bar Cabinet Detail","Custom bar cabinet detail and wood finish by Ramos Cabinetry and Construction in Mesa, AZ","Mesa, AZ","wet-bar-built-ins","custom-cabinets","1200","1600","98"
"ramos-cabinetry-construction-mesa-az-project-130.webp","/images/projects/seo/ramos-laundry-room-cabinets-chandler-east-valley-az-130.webp","Laundry Room Cabinet Remodel","Laundry room cabinet remodel by Ramos Cabinetry and Construction in Chandler, AZ","Chandler, AZ","laundry-room-cabinets","custom-cabinets","967","1600","79"
"ramos-cabinetry-construction-mesa-az-project-131.webp","/images/projects/seo/ramos-laundry-room-cabinets-scottsdale-east-valley-az-131.webp","Laundry Room Cabinet Remodel","Laundry room cabinet remodel by Ramos Cabinetry and Construction in Scottsdale, AZ","Scottsdale, AZ","laundry-room-cabinets","custom-cabinets","1200","1600","85"
"ramos-cabinetry-construction-mesa-az-project-132.webp","/images/projects/seo/ramos-custom-cabinets-phoenix-east-valley-az-132.webp","Custom Cabinet Door Storage","Custom cabinet door storage and tall cabinet by Ramos Cabinetry and Construction in Phoenix, AZ","Phoenix, AZ","custom-cabinets","custom-cabinets","1079","1600","39"
"ramos-cabinetry-construction-mesa-az-project-133.webp","/images/projects/seo/ramos-custom-cabinets-tempe-east-valley-az-133.webp","Custom Cabinet Door Storage","Custom cabinet door storage and tall cabinet by Ramos Cabinetry and Construction in Tempe, AZ","Tempe, AZ","custom-cabinets","custom-cabinets","1200","1600","61"
"ramos-cabinetry-construction-mesa-az-project-134.webp","/images/projects/seo/ramos-wet-bar-built-ins-gilbert-east-valley-az-134.webp","Home Bar Cabinetry","Home bar cabinetry with beverage storage by Ramos Cabinetry and Construction in Gilbert, AZ","Gilbert, AZ","wet-bar-built-ins","custom-cabinets","1200","1600","98"
"ramos-cabinetry-construction-mesa-az-project-135.webp","/images/projects/seo/ramos-wet-bar-built-ins-mesa-east-valley-az-135.webp","Home Bar Cabinetry","Home bar cabinetry with beverage storage by Ramos Cabinetry and Construction in Mesa, AZ","Mesa, AZ","wet-bar-built-ins","custom-cabinets","1200","1600","97"
"ramos-cabinetry-construction-mesa-az-project-136.webp","/images/projects/seo/ramos-custom-cabinets-chandler-east-valley-az-136.webp","Custom Storage Cabinetry","Custom storage cabinetry and built in cabinets by Ramos Cabinetry and Construction in Chandler, AZ","Chandler, AZ","custom-cabinets","custom-cabinets","1206","1409","116"
"ramos-cabinetry-construction-mesa-az-project-137.webp","/images/projects/seo/ramos-custom-cabinets-scottsdale-east-valley-az-137.webp","Custom Storage Cabinetry","Custom storage cabinetry and built in cabinets by Ramos Cabinetry and Construction in Scottsdale, AZ","Scottsdale, AZ","custom-cabinets","custom-cabinets","1200","1600","74"
"ramos-cabinetry-construction-mesa-az-project-138.webp","/images/projects/seo/ramos-custom-cabinets-phoenix-east-valley-az-138.webp","Custom Storage Cabinetry","Custom storage cabinetry and built in cabinets by Ramos Cabinetry and Construction in Phoenix, AZ","Phoenix, AZ","custom-cabinets","custom-cabinets","1200","1600","93"
"ramos-cabinetry-construction-mesa-az-project-139.webp","/images/projects/seo/ramos-custom-cabinets-tempe-east-valley-az-139.webp","Custom Storage Cabinetry","Custom storage cabinetry and built in cabinets by Ramos Cabinetry and Construction in Tempe, AZ","Tempe, AZ","custom-cabinets","custom-cabinets","1200","1600","55"
"ramos-cabinetry-construction-mesa-az-project-140.webp","/images/projects/seo/ramos-custom-cabinets-gilbert-east-valley-az-140.webp","Custom Storage Cabinetry","Custom storage cabinetry and built in cabinets by Ramos Cabinetry and Construction in Gilbert, AZ","Gilbert, AZ","custom-cabinets","custom-cabinets","1200","1600","66"
"ramos-cabinetry-construction-mesa-az-project-141.webp","/images/projects/seo/ramos-custom-cabinets-mesa-east-valley-az-141.webp","Custom Storage Cabinetry","Custom storage cabinetry and built in cabinets by Ramos Cabinetry and Construction in Mesa, AZ","Mesa, AZ","custom-cabinets","custom-cabinets","1200","1600","151"
"ramos-cabinetry-construction-mesa-az-project-142.webp","/images/projects/seo/ramos-custom-cabinets-chandler-east-valley-az-142.webp","Custom Storage Cabinetry","Custom storage cabinetry and built in cabinets by Ramos Cabinetry and Construction in Chandler, AZ","Chandler, AZ","custom-cabinets","custom-cabinets","1200","1600","107"
"ramos-cabinetry-construction-mesa-az-project-143.webp","/images/projects/seo/ramos-custom-cabinets-scottsdale-east-valley-az-143.webp","Custom Storage Cabinetry","Custom storage cabinetry and built in cabinets by Ramos Cabinetry and Construction in Scottsdale, AZ","Scottsdale, AZ","custom-cabinets","custom-cabinets","1200","1600","57"
"ramos-cabinetry-construction-mesa-az-project-144.webp","/images/projects/seo/ramos-custom-cabinets-phoenix-east-valley-az-144.webp","Custom Storage Cabinetry","Custom storage cabinetry and built in cabinets by Ramos Cabinetry and Construction in Phoenix, AZ","Phoenix, AZ","custom-cabinets","custom-cabinets","1200","1600","42"
"ramos-cabinetry-construction-mesa-az-project-145.webp","/images/projects/seo/ramos-custom-cabinets-tempe-east-valley-az-145.webp","Custom Storage Cabinetry","Custom storage cabinetry and built in cabinets by Ramos Cabinetry and Construction in Tempe, AZ","Tempe, AZ","custom-cabinets","custom-cabinets","1200","1600","65"
"ramos-cabinetry-construction-mesa-az-project-146.webp","/images/projects/seo/ramos-custom-cabinets-gilbert-east-valley-az-146.webp","Custom Storage Cabinetry","Custom storage cabinetry and built in cabinets by Ramos Cabinetry and Construction in Gilbert, AZ","Gilbert, AZ","custom-cabinets","custom-cabinets","1200","1600","67"
"ramos-cabinetry-construction-mesa-az-project-147.webp","/images/projects/seo/ramos-closet-built-ins-mesa-east-valley-az-147.webp","Closet Built In Storage","Closet built in storage and cabinet drawers by Ramos Cabinetry and Construction in Mesa, AZ","Mesa, AZ","closet-built-ins","finish-carpentry","1200","1600","59"
"ramos-cabinetry-construction-mesa-az-project-148.webp","/images/projects/seo/ramos-closet-built-ins-chandler-east-valley-az-148.webp","Closet Built In Storage","Closet built in storage and cabinet drawers by Ramos Cabinetry and Construction in Chandler, AZ","Chandler, AZ","closet-built-ins","finish-carpentry","1200","1600","97"
"ramos-cabinetry-construction-mesa-az-project-149.webp","/images/projects/seo/ramos-closet-built-ins-scottsdale-east-valley-az-149.webp","Closet Built In Storage","Closet built in storage and cabinet drawers by Ramos Cabinetry and Construction in Scottsdale, AZ","Scottsdale, AZ","closet-built-ins","finish-carpentry","720","960","27"
"ramos-cabinetry-construction-mesa-az-project-150.webp","/images/projects/seo/ramos-closet-built-ins-phoenix-east-valley-az-150.webp","Closet Built In Storage","Closet built in storage and cabinet drawers by Ramos Cabinetry and Construction in Phoenix, AZ","Phoenix, AZ","closet-built-ins","finish-carpentry","1600","1200","57"
"ramos-cabinetry-construction-mesa-az-project-151.webp","/images/projects/seo/ramos-closet-built-ins-tempe-east-valley-az-151.webp","Closet Built In Storage","Closet built in storage and cabinet drawers by Ramos Cabinetry and Construction in Tempe, AZ","Tempe, AZ","closet-built-ins","finish-carpentry","1200","1600","63"
"ramos-cabinetry-construction-mesa-az-project-152.webp","/images/projects/seo/ramos-closet-built-ins-gilbert-east-valley-az-152.webp","Closet Built In Storage","Closet built in storage and cabinet drawers by Ramos Cabinetry and Construction in Gilbert, AZ","Gilbert, AZ","closet-built-ins","finish-carpentry","1200","1600","70"
"ramos-cabinetry-construction-mesa-az-project-153.webp","/images/projects/seo/ramos-closet-built-ins-mesa-east-valley-az-153.webp","Closet Built In Storage","Closet built in storage and cabinet drawers by Ramos Cabinetry and Construction in Mesa, AZ","Mesa, AZ","closet-built-ins","finish-carpentry","1200","1600","75"
"ramos-cabinetry-construction-mesa-az-project-154.webp","/images/projects/seo/ramos-cabinet-installation-chandler-east-valley-az-154.webp","Cabinet Installation and Remodel Prep","Cabinet installation and remodel prep by Ramos Cabinetry and Construction in Chandler, AZ","Chandler, AZ","cabinet-installation","cabinet-installation","1200","1600","60"
"ramos-cabinetry-construction-mesa-az-project-155.webp","/images/projects/seo/ramos-cabinet-installation-scottsdale-east-valley-az-155.webp","Cabinet Installation and Remodel Prep","Cabinet installation and remodel prep by Ramos Cabinetry and Construction in Scottsdale, AZ","Scottsdale, AZ","cabinet-installation","cabinet-installation","768","1152","65"
"ramos-cabinetry-construction-mesa-az-project-156.webp","/images/projects/seo/ramos-cabinet-installation-phoenix-east-valley-az-156.webp","Cabinet Installation and Remodel Prep","Cabinet installation and remodel prep by Ramos Cabinetry and Construction in Phoenix, AZ","Phoenix, AZ","cabinet-installation","cabinet-installation","1200","1600","88"
"ramos-cabinetry-construction-mesa-az-project-157.webp","/images/projects/seo/ramos-cabinet-installation-tempe-east-valley-az-157.webp","Cabinet Installation and Remodel Prep","Cabinet installation and remodel prep by Ramos Cabinetry and Construction in Tempe, AZ","Tempe, AZ","cabinet-installation","cabinet-installation","1200","1600","69"
"ramos-cabinetry-construction-mesa-az-project-158.webp","/images/projects/seo/ramos-cabinet-installation-gilbert-east-valley-az-158.webp","Cabinet Installation and Remodel Prep","Cabinet installation and remodel prep by Ramos Cabinetry and Construction in Gilbert, AZ","Gilbert, AZ","cabinet-installation","cabinet-installation","1200","1600","62"
"ramos-cabinetry-construction-mesa-az-project-159.webp","/images/projects/seo/ramos-cabinet-installation-mesa-east-valley-az-159.webp","Cabinet Installation and Remodel Prep","Cabinet installation and remodel prep by Ramos Cabinetry and Construction in Mesa, AZ","Mesa, AZ","cabinet-installation","cabinet-installation","1200","1600","153"
"ramos-cabinetry-construction-mesa-az-project-160.webp","/images/projects/seo/ramos-cabinet-installation-chandler-east-valley-az-160.webp","Cabinet Installation and Remodel Prep","Cabinet installation and remodel prep by Ramos Cabinetry and Construction in Chandler, AZ","Chandler, AZ","cabinet-installation","cabinet-installation","1200","1600","83"
"ramos-cabinetry-construction-mesa-az-project-161.webp","/images/projects/seo/ramos-kitchen-remodeling-scottsdale-east-valley-az-161.webp","Kitchen Remodel Design and Build","Kitchen remodel design and cabinet build by Ramos Cabinetry and Construction in Scottsdale, AZ","Scottsdale, AZ","kitchen-remodeling","kitchen-remodeling","1600","1200","72"
"ramos-cabinetry-construction-mesa-az-project-162.webp","/images/projects/seo/ramos-kitchen-remodeling-phoenix-east-valley-az-162.webp","Kitchen Remodel Design and Build","Kitchen remodel design and cabinet build by Ramos Cabinetry and Construction in Phoenix, AZ","Phoenix, AZ","kitchen-remodeling","kitchen-remodeling","1200","1600","118"
"ramos-cabinetry-construction-mesa-az-project-163.webp","/images/projects/seo/ramos-kitchen-remodeling-tempe-east-valley-az-163.webp","Kitchen Remodel Design and Build","Kitchen remodel design and cabinet build by Ramos Cabinetry and Construction in Tempe, AZ","Tempe, AZ","kitchen-remodeling","kitchen-remodeling","1280","960","56"
"ramos-cabinetry-construction-mesa-az-project-164.webp","/images/projects/seo/ramos-kitchen-remodeling-gilbert-east-valley-az-164.webp","Kitchen Remodel Design and Build","Kitchen remodel design and cabinet build by Ramos Cabinetry and Construction in Gilbert, AZ","Gilbert, AZ","kitchen-remodeling","kitchen-remodeling","1200","1600","98"
"ramos-cabinetry-construction-mesa-az-project-165.webp","/images/projects/seo/ramos-kitchen-remodeling-mesa-east-valley-az-165.webp","Kitchen Remodel Design and Build","Kitchen remodel design and cabinet build by Ramos Cabinetry and Construction in Mesa, AZ","Mesa, AZ","kitchen-remodeling","kitchen-remodeling","1200","1600","144"
"ramos-cabinetry-construction-mesa-az-project-166.webp","/images/projects/seo/ramos-kitchen-remodeling-chandler-east-valley-az-166.webp","Kitchen Remodel Design and Build","Kitchen remodel design and cabinet build by Ramos Cabinetry and Construction in Chandler, AZ","Chandler, AZ","kitchen-remodeling","kitchen-remodeling","1200","1600","98"
"ramos-cabinetry-construction-mesa-az-project-167.webp","/images/projects/seo/ramos-kitchen-remodeling-scottsdale-east-valley-az-167.webp","Kitchen Remodel Design and Build","Kitchen remodel design and cabinet build by Ramos Cabinetry and Construction in Scottsdale, AZ","Scottsdale, AZ","kitchen-remodeling","kitchen-remodeling","1600","1200","106"